{
  "Click Confirm-81" : {
    "transaction" : "Click Confirm-81",
    "sampleCount" : 1,
    "errorCount" : 0,
    "errorPct" : 0.0,
    "meanResTime" : 308.0,
    "medianResTime" : 308.0,
    "minResTime" : 308.0,
    "maxResTime" : 308.0,
    "pct1ResTime" : 308.0,
    "pct2ResTime" : 308.0,
    "pct3ResTime" : 308.0,
    "throughput" : 3.246753246753247,
    "receivedKBytesPerSec" : 16.92179890422078,
    "sentKBytesPerSec" : 1.9689782873376624
  },
  "Click On Sign in" : {
    "transaction" : "Click On Sign in",
    "sampleCount" : 27,
    "errorCount" : 0,
    "errorPct" : 0.0,
    "meanResTime" : 467.3703703703703,
    "medianResTime" : 453.0,
    "minResTime" : 0.0,
    "maxResTime" : 1401.0,
    "pct1ResTime" : 579.4,
    "pct2ResTime" : 1103.3999999999983,
    "pct3ResTime" : 1401.0,
    "throughput" : 0.3240712956850507,
    "receivedKBytesPerSec" : 1.24806363650003,
    "sentKBytesPerSec" : 0.18650978215207345
  },
  "Get Home Page-31" : {
    "transaction" : "Get Home Page-31",
    "sampleCount" : 27,
    "errorCount" : 0,
    "errorPct" : 0.0,
    "meanResTime" : 1648.6296296296296,
    "medianResTime" : 1482.0,
    "minResTime" : 1101.0,
    "maxResTime" : 3553.0,
    "pct1ResTime" : 2150.2,
    "pct2ResTime" : 3032.199999999997,
    "pct3ResTime" : 3553.0,
    "throughput" : 0.3192923535394149,
    "receivedKBytesPerSec" : 1.6224458459473523,
    "sentKBytesPerSec" : 0.17471694215486863
  },
  "Get Home Page-4" : {
    "transaction" : "Get Home Page-4",
    "sampleCount" : 578,
    "errorCount" : 0,
    "errorPct" : 0.0,
    "meanResTime" : 1789.4359861591688,
    "medianResTime" : 1813.5,
    "minResTime" : 926.0,
    "maxResTime" : 5278.0,
    "pct1ResTime" : 2215.0,
    "pct2ResTime" : 2664.0,
    "pct3ResTime" : 3602.8900000000003,
    "throughput" : 5.851149983803045,
    "receivedKBytesPerSec" : 8.296747828595723,
    "sentKBytesPerSec" : 2.8707580269831143
  },
  "Click on Add to Cart" : {
    "transaction" : "Click on Add to Cart",
    "sampleCount" : 23,
    "errorCount" : 0,
    "errorPct" : 0.0,
    "meanResTime" : 552.3913043478261,
    "medianResTime" : 508.0,
    "minResTime" : 0.0,
    "maxResTime" : 1852.0,
    "pct1ResTime" : 985.4000000000008,
    "pct2ResTime" : 1726.1999999999982,
    "pct3ResTime" : 1852.0,
    "throughput" : 0.3159731285461115,
    "receivedKBytesPerSec" : 1.4184982518443214,
    "sentKBytesPerSec" : 0.19332425196796307
  },
  "Click on ItemID-66" : {
    "transaction" : "Click on ItemID-66",
    "sampleCount" : 23,
    "errorCount" : 0,
    "errorPct" : 0.0,
    "meanResTime" : 660.1739130434781,
    "medianResTime" : 497.0,
    "minResTime" : 248.0,
    "maxResTime" : 2137.0,
    "pct1ResTime" : 1679.4000000000008,
    "pct2ResTime" : 2084.999999999999,
    "pct3ResTime" : 2137.0,
    "throughput" : 0.3158342831248369,
    "receivedKBytesPerSec" : 1.2170589348488803,
    "sentKBytesPerSec" : 0.20223746704337917
  },
  "Enter Credentials and Login-47" : {
    "transaction" : "Enter Credentials and Login-47",
    "sampleCount" : 26,
    "errorCount" : 0,
    "errorPct" : 0.0,
    "meanResTime" : 1015.2307692307692,
    "medianResTime" : 944.5,
    "minResTime" : 560.0,
    "maxResTime" : 2326.0,
    "pct1ResTime" : 1470.3000000000004,
    "pct2ResTime" : 2134.5499999999993,
    "pct3ResTime" : 2326.0,
    "throughput" : 0.3122598001537279,
    "receivedKBytesPerSec" : 1.6387540683848962,
    "sentKBytesPerSec" : 0.5049826455611068
  },
  "Enter Credentials and Login-47-1" : {
    "transaction" : "Enter Credentials and Login-47-1",
    "sampleCount" : 26,
    "errorCount" : 0,
    "errorPct" : 0.0,
    "meanResTime" : 518.0769230769231,
    "medianResTime" : 495.0,
    "minResTime" : 268.0,
    "maxResTime" : 1701.0,
    "pct1ResTime" : 661.3000000000001,
    "pct2ResTime" : 1349.5999999999985,
    "pct3ResTime" : 1701.0,
    "throughput" : 0.3134304967873374,
    "receivedKBytesPerSec" : 1.5744985112051402,
    "sentKBytesPerSec" : 0.21425912866321892
  },
  "Enter Credentials and Login-48" : {
    "transaction" : "Enter Credentials and Login-48",
    "sampleCount" : 26,
    "errorCount" : 0,
    "errorPct" : 0.0,
    "meanResTime" : 510.8076923076922,
    "medianResTime" : 456.5,
    "minResTime" : 296.0,
    "maxResTime" : 2139.0,
    "pct1ResTime" : 607.4000000000001,
    "pct2ResTime" : 1631.849999999998,
    "pct3ResTime" : 2139.0,
    "throughput" : 0.313275658481336,
    "receivedKBytesPerSec" : 1.5737206906523362,
    "sentKBytesPerSec" : 0.18723115526423598
  },
  "Click Continue" : {
    "transaction" : "Click Continue",
    "sampleCount" : 1,
    "errorCount" : 0,
    "errorPct" : 0.0,
    "meanResTime" : 468.0,
    "medianResTime" : 468.0,
    "minResTime" : 468.0,
    "maxResTime" : 468.0,
    "pct1ResTime" : 468.0,
    "pct2ResTime" : 468.0,
    "pct3ResTime" : 468.0,
    "throughput" : 2.136752136752137,
    "receivedKBytesPerSec" : 9.686331463675213,
    "sentKBytesPerSec" : 2.5999933226495724
  },
  "Get Home Page-7" : {
    "transaction" : "Get Home Page-7",
    "sampleCount" : 558,
    "errorCount" : 0,
    "errorPct" : 0.0,
    "meanResTime" : 485.3512544802869,
    "medianResTime" : 475.0,
    "minResTime" : 248.0,
    "maxResTime" : 2365.0,
    "pct1ResTime" : 619.0,
    "pct2ResTime" : 679.4499999999996,
    "pct3ResTime" : 1329.889999999999,
    "throughput" : 5.942871748993546,
    "receivedKBytesPerSec" : 29.372030394647155,
    "sentKBytesPerSec" : 3.3208470955279354
  },
  "Get Home Page-9" : {
    "transaction" : "Get Home Page-9",
    "sampleCount" : 552,
    "errorCount" : 0,
    "errorPct" : 0.0,
    "meanResTime" : 724.5036231884054,
    "medianResTime" : 737.5,
    "minResTime" : 233.0,
    "maxResTime" : 1642.0,
    "pct1ResTime" : 900.4,
    "pct2ResTime" : 969.35,
    "pct3ResTime" : 1216.8100000000006,
    "throughput" : 5.912596401028277,
    "receivedKBytesPerSec" : 95.79099052056556,
    "sentKBytesPerSec" : 3.1872589974293057
  },
  "Click on Category" : {
    "transaction" : "Click on Category",
    "sampleCount" : 234,
    "errorCount" : 0,
    "errorPct" : 0.0,
    "meanResTime" : 510.7777777777776,
    "medianResTime" : 486.0,
    "minResTime" : 0.0,
    "maxResTime" : 2541.0,
    "pct1ResTime" : 723.0,
    "pct2ResTime" : 996.25,
    "pct3ResTime" : 1414.0500000000004,
    "throughput" : 2.4939516343909536,
    "receivedKBytesPerSec" : 9.036848568375841,
    "sentKBytesPerSec" : 1.4911086361068775
  },
  "Type and Search" : {
    "transaction" : "Type and Search",
    "sampleCount" : 548,
    "errorCount" : 0,
    "errorPct" : 0.0,
    "meanResTime" : 532.04197080292,
    "medianResTime" : 491.5,
    "minResTime" : 0.0,
    "maxResTime" : 4909.0,
    "pct1ResTime" : 670.0,
    "pct2ResTime" : 1052.0499999999968,
    "pct3ResTime" : 2703.8799999999937,
    "throughput" : 5.898434977288872,
    "receivedKBytesPerSec" : 19.506401295395346,
    "sentKBytesPerSec" : 5.290924092631261
  },
  "Enter Credentials and Login" : {
    "transaction" : "Enter Credentials and Login",
    "sampleCount" : 26,
    "errorCount" : 0,
    "errorPct" : 0.0,
    "meanResTime" : 1526.0384615384617,
    "medianResTime" : 1485.0,
    "minResTime" : 909.0,
    "maxResTime" : 3104.0,
    "pct1ResTime" : 2307.9000000000005,
    "pct2ResTime" : 2958.3999999999996,
    "pct3ResTime" : 3104.0,
    "throughput" : 0.31086348310576534,
    "receivedKBytesPerSec" : 3.1930294094789446,
    "sentKBytesPerSec" : 0.6885140426600349
  },
  "Get Home Page" : {
    "transaction" : "Get Home Page",
    "sampleCount" : 850,
    "errorCount" : 0,
    "errorPct" : 0.0,
    "meanResTime" : 2583.001176470591,
    "medianResTime" : 2524.5,
    "minResTime" : 0.0,
    "maxResTime" : 6328.0,
    "pct1ResTime" : 3583.9,
    "pct2ResTime" : 3839.4499999999985,
    "pct3ResTime" : 4859.84,
    "throughput" : 8.584904707557746,
    "receivedKBytesPerSec" : 139.86663058586925,
    "sentKBytesPerSec" : 10.526203764606963
  },
  "Proceed to CHeckout-79" : {
    "transaction" : "Proceed to CHeckout-79",